"row_id","guid_only"
"2","908abc0f-8d37-45e4-ac3f-b9711c353204"
"3","61b0f4ce-c1a4-4ed1-9d66-effc71335ef0"
"4","e098c4f8-2133-46ae-a13d-e9bc6bfad6aa"
"5","4d87f99b-b113-4645-9ab2-80dd3371ee60"
"6","e8d2d1a4-80ef-463b-89f6-ccaf5947331d"
"7","ad1b093b-7559-40c3-9f02-a7df301afd7a"
"8","f0bf2e9f-8d8b-42b9-9b93-0390933533b9"
"9","63ebedc3-d729-4a41-a724-ec0bc96ccf87"
"10","f394bfc1-ae12-4216-b2b1-5215e14cda21"
"11","45c365c3-97de-4dd8-baff-37a4252e04d7"
"12","80d23e40-c980-4c61-a0de-43e4b5923d50"
"13","2a560762-5198-4326-aca6-7ecfb11f48d2"
"14","c5a44514-502c-42c9-9525-3c1be0f1f188"
"15","50174c3f-a52b-4193-9b82-ff08462c5ef7"
"16","a454cf25-3661-466f-ac03-481cf7b1bf3b"
"17","7dacc2ce-3498-47c0-a5cd-65cf0d27581a"
"18","c9776539-79dc-44e6-89e0-4243f4d1bded"
"19","2bb0b626-8cf2-4935-8e01-3b5b02d08d3d"
"20","a54d1c0b-5b96-408e-bdbe-df06f950fc55"
"21","4ace73e4-6c78-43ce-9b21-e35c5a7c0f3b"
"22","6629a840-4e9e-4d39-8d2c-ce22ba4d65d6"
"23","169910c4-484a-4e1e-91d4-83748b929d60"
"24","62c422cd-54e3-4685-9b8e-7f132df68d33"
"25","d686c819-29bf-4e95-a489-e1e591180169"
"26","f397b99e-42a3-4436-b04e-50cab6757d92"
"27","9fbf9c12-321a-4d15-93fb-02dae6be82db"
"28","c9ff53c7-73c9-408f-a799-886e4b2e9ac2"
"29","55c2b778-b5dd-48c4-81ff-846b74c7fce2"
"30","c28d3d48-f3d1-4db5-8315-380d517e9345"
"31","4af55d7b-820d-40ea-b45e-9c049f6c0a35"
"32","1009935a-1a82-4009-b4c0-567e0c7dabc8"
"33","92c51eb2-5b87-4b44-a129-698099997b8d"
"34","a08a47d3-d7ae-4ee6-b713-1c446d0a83a4"
"35","45b824ae-65d4-487a-b56d-dc70c0d865db"
"36","10bbbb2e-5701-4e34-9219-45e3f1d01647"
"37","e34e40cf-63f4-4a4a-bc59-0f750977e5d2"
"38","0ef7f31a-86a7-4437-9315-236f46ea07e0"
"39","b8ab4ee9-344a-4bee-b040-fcecdfb16188"
"40","e35e2c48-abba-4340-b7b6-2c3c08d597c3"
"41","70776d61-a781-4b9f-9ed3-021e765abd6e"
"42","d197c16d-ecc1-421f-99d2-4924d70dd4c0"
"43","99c135a7-8cbf-4350-bb58-ffaa8fa0ce35"
"44","1d0237b2-2a0c-471d-ad3a-075d164308fa"
"45","f372d51a-7f3c-4ad8-8789-6a8ccecb424d"
"46","78159666-e6ac-40ff-a6ac-5879c858222c"
"47","183cb309-c3ff-477a-a417-cbf739cdb155"
"48","d3d2327e-a841-4a8e-8dbe-7ba2a9f2dc7d"
"49","46fe1022-b78f-4a59-a632-b3dbe2783970"
"50","1e1797db-3158-457d-b099-20aea18edd8a"
"51","3f3e64e5-019e-4893-9606-9d00fba37dd5"
"52","d875f305-0938-481b-830c-790ab31166a0"
"53","b42f3dac-9f53-400f-b3a7-2050a25b8734"
"54","0b400903-338d-48ca-a6df-06fac5b7967e"
"55","5a823c3b-2f75-4d45-bd5a-89062385bed6"
"56","804c98e5-fbf6-428c-b28b-458317771207"
"57","c6d73791-fddd-4499-8a88-73bc693263c1"
"58","cf5daf6c-9b3a-41c8-a143-9dd3bbcb22c8"
"59","99b08dc5-eae1-44f8-88c4-def0a2744ca1"
"60","061490ea-2b8f-4c56-9454-6cb09a81c549"
"61","851db755-8a71-4218-b81f-ee89d277e068"
"62","05e8f5ec-47db-4c02-b0e5-0a2d88c23d4a"
"63","402c3796-57bb-4eae-8fb9-c05debb2c1dc"
"64","6666408b-8d47-4bbd-a97d-494d17cb2d98"
"65","2f0adf9b-1b36-41c2-bc0e-054dfcc5a9d2"
"66","277f796c-cca9-459f-bb76-5f2e9c84c83c"
"67","41b10834-7cd9-401e-a4ac-08d9a6f7622a"
"68","52fe4672-7c4a-4122-989d-d553fdc41589"
"69","18ff95d2-e94d-4f3f-acb5-59ee0dcc3b90"
"70","2cfb2d86-98c4-4d26-b51e-6dad67cd213f"
"71","3ca29e5f-070d-4b91-a670-a34e083860ed"
"72","d51be237-bc26-4a35-8a97-d04369f8258e"
"73","33ac5970-ef17-4ee3-8700-26eabff881e3"
"74","de83896f-1058-4cee-ace6-7c384123ec02"
"75","710c71ad-57e8-4139-ae59-cc29b2d05afd"
"76","b7b2edeb-6b51-4fca-b65d-bc892ecc7fda"
"77","38977b20-4510-4a3f-a7ab-715015ceb2f2"
"78","26db4a62-0dfd-47d7-bc4f-34a895005320"
"79","19fe1a53-5235-4e07-abb5-1c7ca184bb21"
"80","8ca87499-0c45-4e17-b474-eb1294e5ecc8"
"81","a0f08419-0d91-4bf6-9517-57a6a081eb12"
"82","324badb6-8caf-4345-82d4-1777ca1ae3e9"
"83","011b7255-2bf8-48c0-a083-2a89e48bb55e"
"84","19472d34-3a93-45f7-8b57-8e2dc63c4f96"
"85","76b01705-2ae3-42d6-8f1d-ad238393422c"
"86","b153eea4-8328-4e70-814a-32a078e485b8"
"87","9cd0d7ba-6c79-4588-acff-e8d266b8570a"
"88","48152b92-7e1b-4be9-bb2c-1cb8960c1a6d"
"89","970fce3b-a8e5-4168-b3e4-c3387f829d54"
"90","68ca3336-ab8f-44cb-8a21-d014ee528d63"
"91","06c96e36-5779-4c0b-8fe8-663e5081873d"
"92","50f4fc3e-891a-4384-be08-f8b2379b8051"
"93","8e51b73f-770c-43ab-8f9f-7b0e455dd02c"
"94","58b7f202-a2bb-4929-9611-3808a08df4de"
"95","90b39ef7-b49b-4250-8f00-ab07d3ab5d96"
"96","c402669b-5dc3-43d8-98bc-31f991bbef6f"
"97","04481ea7-e4d0-4816-9e35-eb2449f2dead"
"98","259d5098-0ba1-4687-974f-ee62beb024a0"
"99","59f41da7-493f-490a-a0cb-263cf0ecbc95"
"100","a14ac7ba-270d-41bc-95c9-8952efeb4a1d"
"101","27165ec4-c3a7-429a-a0bc-f450ef6867c9"
"102","cad5e26e-1807-45ba-82b6-5ebc8b467323"
"103","3af1851c-5cd6-42fe-aa82-39a7789e9678"
"104","1030700b-ca18-4071-bf55-37db83bb3b82"
"105","662f15cc-e737-422c-8fdc-49b736618a04"
"106","d412ba2a-af5f-4133-9d64-485a7f2f7abc"
"107","917db9e1-1e97-4680-96be-afa95e114dd3"
"108","a95e4f21-8eb2-4a7f-b4cb-e4b4ce99fdf7"
"109","a539da4a-c4ae-4b8f-9cd8-30bd0a6f6fbf"
"110","00f2ee9b-9cf3-4511-ae2c-607ca54fb4bb"
"111","e3554f40-5500-4b1f-bdd0-be11f0f37faa"
"112","c250f429-073c-424c-98f0-aa4f52a233e8"
"113","281b52d6-0bae-482a-9870-4e60a34e2734"
"114","a98abc2d-dbc3-4000-8f72-80199bfcf208"
"115","a52662f5-5c6e-44d2-a0ba-2cee19929f6a"
"116","3a93f0db-b1af-4f95-b2c0-5149f158bf34"
"117","0a3fd094-ee5a-4671-a396-dde3c9561bda"
"118","aebab498-83c7-4012-bc91-c1b403294688"
"119","855ec5f2-67b2-4fbd-bb20-695940e1d904"
"120","6796c1a6-87cf-4c71-b315-2f597f1432a7"
"121","41b90b4a-95a9-4f13-bf9b-7b6e5d7804c5"
"122","36026707-1642-4663-93f0-2444eee69dd5"
"123","3d920e73-973b-42dd-b696-22e73bc1a007"
"124","ababde6e-51b8-45ca-adcd-c0aca62b3747"
"125","cce22c70-dca5-4f58-ac09-534eb1a3491b"
"126","bc21d540-a26c-4320-8df5-803edd389e01"
"127","976cb0db-c1e5-4e19-a50b-dc1f6dcbe67e"
"128","445b3c9e-6297-476e-b80e-3dfaa7469f1d"
"129","c40636fd-3cd6-4b06-9db5-c4fdf165697d"
"130","b7680d71-a2dc-4e9f-b03a-6cdc74177f35"
"131","257f3d00-26ae-4843-8c60-c18c79d3fb29"
"132","ad74296d-ec7a-4a2e-8aa2-a9fa6fefeca6"
"133","189dfa38-bff4-4ddc-8682-557dd74fcfef"
"134","599a851c-a4b6-4511-955d-f4200bf64489"
"135","80cfc605-5b3a-4794-bf8c-06f7436a1b35"
"136","61b175d6-5949-47b1-8d04-079a4d750731"
"137","3d507d2d-a1dd-42b4-a41d-bcb29c85ee6d"
"138","1ee8e50c-fa62-4ad7-a081-7ba52971ba50"
"139","5a74a5e0-d648-4762-b3a1-3fa7f22138d0"
"140","6ebc987d-4cbf-41c4-b264-c6ac2eef8b75"
"141","539dbf21-443a-455a-8838-4dd4178887df"
"142","e1fc493d-da00-4587-8c9c-19012862b89c"
"143","2f8a98ff-27b0-4287-b86b-8242061edba1"
"144","e8d0f15e-b775-45d3-b392-0f5ab5578081"
"145","3de74b95-eee6-4f6e-84c0-25ecc1b984ae"
"146","61e12840-112b-40fd-bcd4-cb848681a507"
"147","b4562bc1-4c50-4737-bc06-a47ec6247179"
"148","96c2b795-908b-4487-aa3d-d2648fe554ff"
"149","f48dbe98-fb2c-46e8-b3fd-5a6afdfdcc78"
"150","d4a292ec-8a34-431c-909f-487508f48c2f"
"151","b61e959e-9659-49d1-80cd-184bb9cef6d2"
"152","c45632f8-c1ea-4d46-ace3-3498eaa6cfba"
"153","4480f8d9-da7c-4c21-8edc-ac597352be42"
"154","52ad9204-5058-446a-9ea2-afdbade54ea2"
"155","9f2c4f36-995f-4a19-8f51-acbf66f08f03"
"156","cd51e69d-34a4-4d6b-9b57-4d1579cd0f06"
"157","60782a0a-e343-478a-bfa6-d9f531af222f"
"158","8d899012-d4db-4139-a926-7a203075fd3a"
"159","05e13ee1-fa6a-4e3c-a8cc-6a84ef1ad2b2"
"160","2b217978-5793-4a13-baa0-7a71882165a6"
"161","4763df5f-4c53-4fd7-ad99-9cb6eacf96f7"
"162","33c55110-2f0c-4d0d-93db-9d73b8132ea6"
"163","2111c736-b45f-402b-92f5-1f28d5e14b32"
"164","77bad552-1caf-4669-b01a-019adc70798a"
"165","3e188625-0f2a-43ce-b6be-cf8ebf629332"
"166","53db735d-0139-4b5d-baab-8d37402f84b8"
"167","ee6f7ddc-da9f-4953-b4c7-37c7afc16290"
"168","3a9822cd-3f78-4af8-a8fc-de300e766d3d"
"169","b2b01312-6b4b-40b9-874a-78abe64ca0a7"
"170","46fb7b84-2bf9-4063-a014-6f1bb643df2a"
"171","832e5c36-40ea-4522-869c-be5437d08cb3"
"172","ce22f086-6cd8-410a-ab66-6b3a6314d0d7"
"173","b0cf2019-acbb-43bd-8c19-19c996fd13fb"
"174","9cd8068c-134c-461f-95c8-8c843a502d35"
"175","acc9e788-b7bf-402c-9d66-b1469ebaf00f"
"176","38825daf-5e29-45b1-83c1-810620d2c587"
"177","247b4bad-2c19-40b6-9320-49b1448aa137"
"178","a9195637-8253-45e0-8aab-5e5b71110051"
"179","9115008e-028d-405b-8bfa-0497edb22d19"
"180","5c4c3882-7595-4c82-a8aa-2a2f10d971af"
"181","824dd6a2-1e89-4335-8a93-d83b752e1a60"
"182","4466aeb3-f1fd-41ac-9d68-b42d46af533e"
"183","874a4736-031d-4287-9492-9cc890879e3a"
"184","d462a55d-f795-4bdc-811b-82530ea49fd0"
"185","62f94f34-76f9-4525-8dfa-90022656449c"
"186","354f7a65-f458-4b85-a38f-2e368401b6c2"
"187","1c4ac9e9-8fc6-4d96-90b9-85964238a3ed"
"188","90ad9274-f0f2-4248-b468-b214364b4148"
"189","e51e2961-aece-4b1e-8469-0557f5689832"
"190","6f06a0a1-02c6-49c2-808b-df6c1b5e5b1a"
"191","4563d823-c40b-40ba-986b-887a306c1b00"
"192","4882bb70-30a4-4c32-94c6-4e5b26845533"
"193","95d75293-fbc6-46f0-b4e7-6959030e4b4c"
"194","24cf8fa9-40ce-40ac-ae5d-ab7eda669af9"
"195","ce6d029a-ef45-431c-be25-12847a1909fa"
"196","41e8e7af-2e7a-4629-894e-4d8c619b56c1"
"197","ff6c3b6e-7f20-4175-9a2d-3eca381a8911"
"198","118fcdb0-c58f-4753-b232-1691c9fddb09"
"199","412625e2-d036-47d1-b8c6-21a19a63e13d"
"200","a18acef4-6858-4f6c-a6f3-f2b7526a909a"
"201","e29e23aa-c246-4c80-87fa-a6203d8e5c20"
"202","1ad5839f-a824-4a64-8298-480460c0b0b9"
"203","24ec99f6-f64a-444a-9489-4edff309f7c9"
"204","04663c26-da6e-44df-af0b-41405201bfe8"
"205","cc964552-e8c1-45a1-a11a-685f870ebe63"
"206","9b17b1f1-e7a8-4c00-b706-9d5aff539c83"
"207","9e6ab352-f857-49ee-88a3-fa0241a6930e"
"208","597e0ac1-898e-4c57-b312-3f4c6ecdc267"
"209","1670bd5b-61c3-4a7a-b252-b634892c8e6f"
"210","6373b341-81eb-44d8-a153-eaf8d419e001"
"211","dd223a51-80dd-40e6-857a-acea41eb2faf"
"212","0c56005a-8d44-4bfd-9275-21d9092747ec"
"213","db480882-96bf-44c4-9df0-84a83b6bf328"
"214","f64fe0ba-b4e7-45b4-953d-2bb9b891ecb8"
"215","70569d20-ceb3-4392-82e0-236f7d65e3bb"
"216","0115b159-06b4-4b26-a1f9-034732bb195a"
"217","3b54be34-98d8-4107-ba3f-06f96c740a62"
"218","d9c33f1e-d079-46a8-9781-1fc1f13eea2b"
"219","0ec3f94a-6817-4569-b20a-74455eb1c3ce"
"220","1a525c64-2688-421e-abb5-57c636940260"
"221","ef5ef982-d26a-4783-9663-de48ab66ce42"
"222","89b60a73-7deb-4ecd-832b-b0c2b03fbda5"
"223","91f388ba-04d2-47bf-be10-ea8d2fb54464"
"224","fe575143-e6d2-42e4-8f10-a00ccfc53d32"
"225","97642cae-0671-419f-9cc2-3c2549d52af6"
"226","6e7d27f0-595b-4dea-94c5-9cc6ccdf1e4a"
"227","b1a52ab2-9bfe-4b93-ac77-784918d5e69f"
"228","ee868826-e3e8-4f9b-90a3-f0e31242098e"
"229","1b6009b5-0c90-4ed1-8d69-f4d2397d28a0"
"230","bcbdca03-ad06-4934-a1ee-b1664f43f59a"
"231","aa416b72-91a3-48f3-8e9f-64e07cd7947c"
"232","2438afb2-560c-4d96-92ee-5446ac8b957e"
"233","5d619a95-d0e5-4fbd-a04e-a5552d5af21b"
"234","ecfeceb4-1c87-4fe3-95e0-485fa6fa0bdd"
"235","7389fcca-e294-4932-b1e8-e4e26a9df5fb"
"236","19da38d5-f26d-4e43-9fb4-151ea5f293cf"
"237","a055b24a-d0e1-4a7b-bdae-730021205ae0"
"238","f267a5de-db79-4e65-a486-eb1d3681a2ff"
"239","45e32b20-c818-4f52-b313-92b144850d58"
"240","24122c29-f13b-4ea6-81e6-b7e50b1e4ced"
"241","3c804b5d-8da1-437b-89b9-da2c8de8bb05"
"242","02dd0ea4-a12e-462c-b75f-27d4f1a073bc"
"243","47c609a2-e662-4901-be0f-b88226c55588"
"244","42cc8015-aa37-4aca-8856-515bac2135a4"
"245","e9aa0542-fc55-49ea-af85-9befead9b75d"
"246","880549d3-0f03-4c28-b4d8-8639e1d5132a"
"247","dd7e355d-6eee-41e2-a41f-05c1bc0a2b7e"
"248","4b573a27-b0af-452e-8847-cc0fbb88a364"
"249","8246305c-7b6b-4958-8f03-03e271f6fac1"
"250","25e72f7b-a5cc-4fe0-8632-c614894cd3e8"
"251","5c2f92c7-f0c4-4186-8d6b-3eaf9b68304b"
"252","eca73fbb-db7a-4215-9fdd-e0c112c5a8b8"
"253","ceb6c5fc-4875-4a58-894e-7a54f6add97a"
"254","acf89cdd-7a98-424c-afca-add624b4a2ec"
"255","2ef839af-e624-466d-bc63-2961cb465804"
"256","d08a87fd-652e-4756-a8e3-b7cd41e50e69"
"257","5dffd8a4-7165-47e0-ab2c-19793180cdae"
"258","319620a5-feb9-4fd3-a563-ada13e280115"
"259","50ed7213-5416-4636-b64c-0a4f006bea2f"
"260","e87429f6-1bc6-49ac-924e-a0cf8fe6d216"
"261","4cc4a701-3bb3-424f-aab4-fa05f17edce7"
"262","d1df33a5-022d-4d06-a270-8dfb9b5e8550"
"263","e677f0f5-76bc-4be6-96c6-e1ab50e4b4cd"
"264","c420f1e7-fa4d-4187-b254-5b895786d0fe"
"265","03cde7f7-a7be-4045-84c9-6aad38a3ef78"
"266","efefeb8c-dd0f-4041-964d-c3a23267614e"
"267","1bab851e-fecc-4c9f-b13e-b7684aeec38c"
"268","2e0feaf2-c026-482a-9646-4b920b0408d0"
"269","73e3aa78-9566-4570-8db6-b328a6396e06"
"270","4dc51c19-939a-49fa-9e60-12abfa1b58e7"
"271","2974be99-76f0-469a-ad66-2db3cf54cf0f"
"272","6018c973-c190-4957-b204-68348f8bd84a"
"273","b8663b75-8aa6-40a0-85b8-66458b058e96"
"274","5669d02b-0328-4bb9-83ce-0b5967bed3b0"
"275","4d7f2aeb-4004-46ea-aa61-8ac05109b810"
"276","ce9005bc-b605-4d60-9f8e-8c0b3c9ecf7e"
"277","100fd977-4c88-4367-a353-d4bd2b13e055"
"278","5555e595-9d5c-4893-9456-2c7586195847"
"279","614ebef1-0400-4c62-bb23-686d54ce6ed0"
"280","3ccee27a-5169-477e-af75-073be4ff3664"
"281","a6bc9b8e-3ef9-4d40-8ddf-49ff19ae7b1f"
"282","4cda0b5d-0e7d-47e3-9f80-bfa3ff67e87a"
"283","4253161e-46f1-4cb2-b7b4-b1ff8e4fc766"
"284","e16ef3a9-1489-4bd7-9686-d1486586ecbe"
"285","2d4fb6cf-83e2-40bb-8ced-63a340f0167e"
"286","a0e122ee-5514-45d1-b3b3-2e4cd41efa60"
"287","7766f498-0e51-459f-9830-b2df11fab915"
"288","0ae29dfe-0f15-4f6e-ace6-3e4886edc51b"
"289","3bf7c637-0c43-44e9-a9aa-ee0155e1f11c"
"290","e5e1e9c9-5cdd-4a50-b97e-28e00523b89f"
"291","1ab3f454-e3ff-4ad3-bceb-83e22132beac"
"292","5aa1ecea-c6a2-446e-bbc0-6a53ba3630be"
"293","e4b7f8cd-664c-41cb-9c4b-603a2757780c"
"294","f6141fc1-a8e0-4548-b03e-b936ef8879ba"
"295","29beb0a9-cc3f-47c2-aaab-b45eaa707655"
"296","c0d5fd09-0c41-4a7a-bc5a-fa881983c7c2"
"297","982bdcbd-8207-47d2-817b-32d425ce02b4"
"298","694be8d5-bd30-4b04-acd4-7e2488fd0132"
"299","74b9f288-c82a-4d9c-ae8b-5a5065288875"
"300","c65e8abd-346f-42ff-b166-c48db3492bcf"
"301","624f7d40-af27-4b77-84f1-68bb6c7fab93"
"302","4df92f41-31c0-49d2-8162-46d97b1fd0e4"
"303","4b93ded8-9e39-4279-a402-e8bb87f73737"
"304","687a416d-5e8b-458c-b59d-f0b410f259db"
"305","92b62c66-b7f5-401c-b25c-5897d5ee5158"
"306","a3c8d1b5-6374-49e7-ab56-303458a4409e"
"307","bad99ad3-97f4-47c1-b6f5-1576db01deec"
"308","ba41cd9c-9fa9-42eb-8e97-7a1ecc8356d6"
"309","e6cddefa-22d6-4ded-8c3b-f1ed15e729fa"
"310","25db8ff1-172e-41e9-8c74-b74225a7c89d"
"311","fb889faa-f124-40ab-8945-37d02a2fd78c"
"312","0f766b32-6e38-4e88-a3b6-d0f77e6c5acf"
"313","94091c9e-ae0c-4b2d-9334-4b959d14943a"
"314","2cfe1184-b59a-4554-b7d4-a0af329290dc"
"315","6354df6e-e101-471f-9c44-2e41edf24635"
"316","20920298-374b-416b-84d8-7d33272dc77c"
"317","00e1db60-85e7-4e51-a5b8-4e997b056ff0"
"318","56f964cf-a3a9-45e9-899c-929af6ea699d"
"319","86a274bc-a266-4abf-b843-a5ed429a2e3d"
"320","1da37f10-fcca-42ca-8a66-6de0c098882e"
"321","7e4edab1-bce8-40ea-8e67-526c589912ca"
"322","2d63616a-d14c-40d7-b11d-a7909c33eb68"
"323","3b08ed3d-1875-49b3-831b-b766208aa974"
"324","427357c5-e852-41bd-b542-a684f7e1c041"
"325","14c6436f-34cd-4db6-b21f-e0ddd82136f8"
"326","43f7554f-d42f-4780-ab59-d81ce6b02800"
"327","1ea078f6-55f7-4730-b77a-81946a1f6d71"
"328","65e3c537-0f2a-4e91-9cfc-e367fb0246c8"
"329","edca5b3d-49e6-4857-9a3b-6a6047776784"
"330","25f0bc1b-20d3-4661-a6ae-ca858584b373"
"331","a783f12c-f900-457d-ba6c-27ba01df6e48"
"332","ec0994f2-11a8-44da-81a3-6fb342feeb68"
"333","03616290-ebb8-4a01-b2e3-c31f918ae619"
"334","4d320bca-9169-41e0-9d39-5739dd1cf70b"
"335","e3012eef-71d5-41f7-9024-9850454a0c74"
"336","86e4eed6-8278-4cee-91b8-3dbda59b5231"
"337","5a07f941-0009-4eb6-85a1-c164b7e5f79b"
"338","c5922258-e797-4c89-933e-ab7d218b9d8f"
"339","70284f21-2c29-4095-b300-7a644f6cb127"
"340","42abf0dd-32d8-4c97-be60-8da559e7bd92"
"341","0468f33c-5206-4197-8303-42f70d81af02"
"342","41845bea-0c66-4522-9eba-31d5d2b5d92a"
"343","97dd9cc6-5d6b-45e7-ae45-cbb4fb48028c"
"344","edc794dc-32a6-48a1-ab41-ec30fbc8a4b1"
"345","4acf8bfc-cd41-4243-a003-fa99b76ead20"
"346","527537ef-c9f8-4638-9351-95c8ba8deb9d"
"347","b2a5b9a4-037c-473e-a098-429585544d7b"
"348","37d6cc9c-dbd4-4a36-9a79-a09dbf1019ad"
"349","17b86706-786e-48db-86c5-b2440fd1573d"
"350","aaa8d477-4484-4e83-88e2-f720429b671e"
"351","f1275228-2339-4cff-904d-af05ca559b24"
"352","dc2f9492-4faf-420f-9153-076669716494"
"353","ddd6c9b4-e083-49de-b517-5a7de67a995f"
"354","0861b9b1-6784-412d-88fa-00ca630f4e7c"
"355","dc94d9c9-c155-4b13-bf03-5a3295fe79ff"
"356","cfaf8ccd-d0ae-4a46-a51c-3198d568ec06"
"357","430ec38a-c6ea-4b7f-985e-6ec0b442e466"
"358","a2ddf9ff-f375-4399-9656-156b19039dbe"
"359","475f4334-6d21-4edc-835f-d75e8c21e162"
"360","5bcc1489-0bcd-4329-b47b-a32cb2d15703"
"361","9d7ca36a-8d46-47a9-82c9-ec02931be1a5"
"362","8219e510-11b2-474a-951d-1788018b5a64"
"363","e9bef1e2-83b1-4b84-a41b-313d2bd9816b"
"364","6644aa4d-c3c8-425d-9264-da014a6010a5"
"365","6f94985a-9604-4c97-8a61-0682c256f79b"
"366","2e0157da-1533-4ee8-9dee-cd6129c4c37b"
"367","2ee204aa-9fef-469c-91d6-87a4e15036f8"
"368","9fbdd656-b1f5-476f-92f3-e7628a1a9411"
"369","aa73ab87-548b-4a56-aabb-a938ad07c789"
"370","a9a0f295-0f53-4038-a182-30126f5b67ba"
"371","d4bbe6a2-75df-4bcd-8f1e-fd632533a6d8"
"372","86f87264-5818-4cbd-b3c8-bb69c8c77d50"
"373","63e7e703-8bd5-4477-845a-26b8cb6567ce"
"374","28ec97bc-1ee9-42cb-b1a9-1a3d1ecf8802"
"375","4468cc65-39a9-47a1-a2d9-d6812c930f50"
"376","a66eb60e-7b45-4273-9f34-a3d68b781d83"
"377","2109e761-696c-4829-a9af-ea5f166feb5c"
"378","6fbe9265-1f88-4b52-942f-2efb6b473f6a"
"379","b101e802-dd7c-44a0-8894-f65b54533103"
"380","bb928bff-1c8d-4bf9-bf51-ef6b484638e4"
"381","0089d6de-2f7f-4b31-ad7c-4ad6b2be6596"
"382","8d9c9dcf-47ef-4c6d-a87c-b6d5d7a472f7"
"383","393eb077-3f86-4288-b9f7-fc92bb431fdd"
"384","e0067c02-acec-4497-8d42-29600c989b58"
"385","bf80557e-205d-41be-a519-91477764a641"
"386","45e33eb0-b912-4517-83a4-93b344581b10"
"387","27817291-d5f7-46c4-829b-2f4d3edb5162"
"388","809a6b03-5ebd-41b9-94dd-5b5286626bd4"
"389","78db0a9d-bd04-4944-a72b-ca1bed40939a"
"390","57a5337d-da39-4467-96ea-7714f7f21ccd"
"391","e722747a-43ef-4ce9-91fd-6486572ee3b0"
"392","9e8d93df-3767-4075-9694-d8dff69ef0e0"
"393","955154a6-abc9-4cc2-bef3-7af7d5a0017e"
"394","52cf4e19-164e-40b9-b517-fe8a9232e477"
"395","996ed9ba-5c8d-4b6a-8512-894139929d3a"
"396","3fd6b60e-97ba-498e-ba8d-04211b7e9517"
"397","0d91a07a-3a46-4193-af8a-9e9c7628476b"
"398","2cc1761b-c5bb-4f87-9328-a3669a965070"
"399","3b49aced-4516-4066-a61a-8147a62539c8"
"400","8809d25a-369e-4dba-8de4-a6607a8a558f"
"401","790b9267-c383-4991-99ab-773338ff371e"
"402","757f4d89-077e-4d90-8d0d-a52bfec17f44"
"403","03cac392-9fb8-4e05-9528-4095fcc146c7"
"404","86f96a23-b51b-45f2-8caf-5c4b47929e11"
"405","6a79c4e6-5d40-47f1-b57b-f6b4fb33228f"
"406","ddf6e4f5-453d-45ca-af76-744a05faa289"
"407","42539357-b352-4206-992a-0b75b6e90a36"
"408","b9717803-7256-4bf0-a1d9-b14c1f71ca02"
"409","a07b3968-c2c2-44fd-83f4-06a1833fa8f9"
"410","4e53ee82-0ff3-4431-89f6-b184e57bc2de"
"411","c873c473-ecd2-463b-857f-68ccc3c525ce"
"412","8d0f3744-3223-4b4f-910e-4b29b14147c3"
"413","32a7dc4d-2f1d-476d-8489-a2d1fe24a857"
"414","88aaab27-3af5-4ff6-9883-04a1ea07c0b9"
"415","f9a98db0-2110-4ec2-a4fd-076fe032fe0a"
"416","3674afb1-fd25-4071-b03d-7cde650af43b"
"417","193d86f4-7d97-4456-94c4-582340e0df3b"
"418","294a4433-c03d-482b-8458-da764660ab1b"
"419","2ca4df31-24fa-451d-bf19-b17933902ae4"
"420","98d22d47-f871-4ada-a888-a139c2a6d212"
"421","67e1a10f-62ed-4422-a508-0eef358e7542"
"422","bcec6e8d-202c-46de-a155-09d0aaa545b9"
"423","4b90aaea-2e90-47cc-b65d-6b271344202a"
"424","491d4c18-54b4-4f39-a6ad-eb150279b839"
"425","6c3406d2-2d78-49b1-9d61-92c1f0f0dbea"
"426","842698c0-365c-41a0-9259-2fc73a3533e9"
"427","30563c9b-f634-4609-8044-bd51d669f0e6"
"428","af5f646c-24e2-4360-b558-7f92f31aeffc"
"429","c7ceeaba-5c54-43f5-a560-01288ca4c70f"
"430","ce737ce1-f905-4059-90be-1996afaac324"
"431","98569a08-ff50-4954-a580-90e1c6f2d8ab"
"432","fec92727-1967-42fb-a235-2489f813ce1b"
"433","0c3e9710-1b72-452b-ad59-2fbfb9f9795b"
"434","d3e9647f-09db-4ecb-8af8-f8fa9262cb11"
"435","4eb25fde-d10c-45c0-bf85-0d9f0c47b8bb"
"436","94f30c77-af39-4efb-b53f-317d164f49a0"
"437","89b69ef9-b230-45ae-8c46-5f3d5e3e5309"
"438","23fc172e-2da5-40ff-b0dd-e724c1720df2"
"439","4d11ad3a-ac61-44ef-a752-c904cea0e678"
"440","4c20e497-4ec1-494f-8505-5bf0c122fda3"
"441","3fe6a870-ffee-4651-985b-17bc2ada95a8"
"442","597e901e-e8a0-4971-8bd4-9e4b205044e0"
"443","eef03a47-f5df-4933-bb53-a6cc0d981ee1"
"444","06ffcd12-b1e9-42b8-9742-ba3c019379d0"
"445","d6fbe7cf-49b1-4c3f-a28e-c231526be9e7"
"446","e3d0581c-735c-434e-9fee-d5a7acd2a150"
"447","ccc312e2-65ef-4f59-8d0a-c514c6d64a4d"
"448","73c158b3-f1ae-4b84-96cd-35d3cbf82ebf"
"449","b6580d4a-de6a-4c0e-a230-5476f1889162"
"450","6cc36b7e-bcf4-467a-a0e6-4f6e59bdf0e9"
"451","c94de1e1-4228-47bd-9570-a5fdabfc7b90"
"452","38318c3a-8aa0-4e48-ba9e-dd5df3f96ee5"
"453","ff77044d-34e1-46e8-a640-7909ce69aa68"
"454","ef12ea38-2034-4885-88f1-3e3312aa1222"
"455","a04b6688-748c-4e4a-a1ff-750f8df4a076"
"456","ade14e9c-7986-480c-868d-0fcbef0d932c"
"457","7b17c9e4-6995-49a8-abf5-e69217cb0d0d"
"458","e9ae169c-6cfe-40ef-ad4b-50839c86fd43"
"459","d3442b35-f37d-40b4-9630-f90f0912738c"
"460","11a9c29f-aa0b-48e1-b6f0-9e06de8bd476"
"461","8113f931-fdc9-4c56-b774-bee114b57792"
"462","41793860-50d2-44bb-89fe-595cbaac2f12"
"463","39e79e12-400b-488b-b4cb-d4b06322d843"
"464","5d5ad832-9ebb-4d50-b1dd-613f69c08eb0"
"465","c3b02fd5-c6b2-4fd8-97e6-dd140cb58289"
"466","cdeeac4d-2760-4097-bf9d-0c8f052d6176"
"467","99719e0b-ea8e-4996-99ef-4240b129b842"
"468","b51e921b-618a-4763-98e4-0835a90ef8ee"
"469","05d40edc-d8bd-4439-8fca-48918e201e04"
"470","5726deda-931d-4d58-9bf0-f975c63656a4"
"471","c3968aef-b5bf-49e2-afc2-24181a926b40"
"472","d5b54e1c-c69d-4a44-a00f-67f209cca23d"
"473","fe39c444-2f20-4c0f-a2f1-e52164bdb1c4"
"474","adfe167a-c136-40e4-87b9-ed4e7e93cba3"
"475","898f881f-def9-4352-b5b7-068dfbed022f"
"476","bf6f0f91-1085-4a50-82ce-004eeed67e00"
"477","d675e6a8-a05c-42f6-be40-bc9d4cb60c4d"
"478","0912e3ca-4009-490e-925c-13c5484c1f26"
"479","75922dd2-a3b8-45a5-9ca6-503479b7283b"
"480","d7f41f94-6239-4a8c-b464-3a7644d8804a"
"481","a3baef32-8178-4cae-bbfc-378b3dd69bb9"
"482","718e40bf-f407-4fb9-9013-07fe37877884"
"483","ae9e8edb-185a-425f-8a38-c9e94a8d87a2"
"484","b738d3ec-6c10-433d-b931-c16f4afefdad"
"485","8d891c62-a8e4-483f-a234-f10a82e0cf25"
"486","58d6267e-c8c6-4e6b-b5cf-3e6068868392"
"487","4a954244-0be2-4465-8c5f-c40c86ce677f"
"488","5859846d-4e54-4230-b4a5-4664da612889"
"489","7b3c81fa-c089-4ac0-b84d-9d68da12326f"
"490","a2ee116b-1be1-41f0-8f6e-89de08074543"
"491","a6848add-8cb5-41dc-af32-142d91ae3986"
"492","d4e1163a-d24c-4900-bc1f-64ad78bb3556"
"493","8b00b2c0-3c25-42ee-845a-485e394206a3"
"494","b900701c-36e8-4046-9aa8-92394969f367"
"495","d5cea3cb-a00d-4a61-b85c-dd3db65dbd7e"
"496","b723d532-6bbe-4f48-b3fa-dc85e5c30627"
"497","a03005f1-da01-4ac2-b429-89e34f1cbce5"
"498","e43cd0af-0b39-4dc4-910a-3be595bca477"
"499","8bbe2816-d107-47aa-8b7e-ff473914fc5b"
"500","8fe66922-027e-4483-9eeb-b458a4cbff6b"
"501","669211ca-70d6-439a-80e0-aee097bca41a"
"502","446b570d-9693-44fe-a37d-022c5e5a0a44"
"503","50e6669b-bd12-48a3-aa88-738edec105c5"
"504","65806efd-96f5-49b7-b418-b095bce751ca"
"505","69d70cdb-d788-43ff-8f65-8d626403e311"
"506","5aec933d-f669-4cc6-8558-06fce8d99556"
"507","e8423927-67e9-47bd-9a60-1d2a1dd04cff"
"508","96898cda-3d78-4837-9743-84e2acee5151"
"509","1278ab9b-53cd-4e5d-b041-4135b9172da3"
"510","30f1bbbc-8496-4828-a95d-18baa1077020"
"511","d28374c8-1d62-4ca1-abf6-a56205270890"
"512","7a22d96f-4b41-4a6a-966b-2df1e1a42060"
"513","fcddd900-0238-48ff-84ed-531a9d1cf267"
"514","0785ab48-e02a-4e73-a8ee-6a462b619c6c"
"515","9c0a2b6a-6684-4be4-a9d3-2792d316edaa"
"516","3fb8e0c2-03e2-4b33-89ef-1ab7d18b48e9"
"517","41f46235-c40f-4748-90d5-acbf3e9c4a4e"
"518","fe7c0c67-8b64-4637-8e55-a98d015fc6c8"
"519","ea604832-eefc-4664-9330-505c1e7ed0e7"
"520","664e4e79-0a69-4b2f-959f-ef6d9f11dc69"
"521","35bd24f0-924e-40f9-81ef-9bb3bb95a66d"
"522","20677417-8ab3-4629-ac27-8c76776c9e7e"
"523","0c940813-d591-447d-80be-0556a2d12fc8"
"524","0b9622be-8a5a-45ab-8bfc-3bfb32496660"
"525","db1f5609-cf5c-45b5-8253-768a5bec3d99"
"526","1a27b7a8-4f25-40df-8fce-dfcd90daa1e3"
"527","45af26d6-e3b4-4c7e-a887-a3eb6398d6e2"
"528","ff2c05b2-320c-4603-ac9e-c35de9031739"
"529","b201738d-eece-4e0a-b2a4-9ad8f5089aa6"
"530","ec7bee89-b641-4ca8-83d6-027ea4074082"
"531","e9719ea2-2567-4846-9112-03b1f991bf5a"
"532","c93a7cae-f471-47c9-8130-2837ba5d92d0"
"533","32767dc3-f706-46b0-a1cd-fbb6c7f6ec0d"
"534","92ca5b2b-87e5-48a2-92a2-c1a67c0b4296"
"535","3286aee8-c4c7-4abc-807f-b8e7af97b867"
"536","6c2d4014-be35-4a29-937a-61e80acf8321"
"537","24e4eba0-1863-4684-ba23-31adc2300661"
"538","c67e90cd-6e2b-4e2f-b489-df032c701107"
"539","13c25ba8-685c-4078-9369-d9484f2e44d0"
"540","76da3328-36ba-4a06-914d-71a3579d1c9c"
"541","26bd5887-6fcb-4902-a084-7231b00f6029"
"542","9ffd3c0b-e814-4554-9d75-962c5cbc6a4e"
"543","bf293353-75a0-40f5-8c00-b2508081260c"
"544","4f9c9f54-771b-498c-9f90-3959e735c423"
"545","96f28502-5ce1-4243-80e0-fbc48256e0b8"
"546","4f1773e9-819f-4d94-95c9-063730df8b80"
"547","3fb5a38d-626c-4fa0-8c3e-019f814f07cb"
"548","8bd63342-b232-43e5-9e79-207cc57bb4f9"
"549","649c0ec2-ca3e-4c44-a41c-3cc02e6a0a98"
"550","045d0ba7-9e6d-4cb8-864a-492c82e321c3"
"551","4dfde8ce-b875-4a66-bbb8-7782726d8f1c"
"552","67f44585-dc2b-44dc-b6ce-4fc60d74f10f"
"553","7d2d9860-b79e-43f3-9d92-b2a541e2baa5"
"554","613d6175-c973-4831-935e-9a952dd678fb"
"555","de6b3c1f-5df4-4e69-9697-817240f99c8e"
"556","9224633a-46d5-412f-b840-0d37b01a9dbc"
"557","96928e61-4b3b-4c51-ab64-d5b2330319cb"
"558","bfff6dff-ccef-46e9-adbf-45f4c769397f"
"559","9519ce28-729d-402f-8f71-9679f4264e60"
"560","1cd04c85-2167-4106-8c49-b69f68162fe9"
"561","52134927-22d9-4c32-8e93-0ba34568c6ca"
"562","9ccb0cbc-7fb1-4a81-a10d-7f03fe93e5fe"
"563","200a9abb-e707-4b01-8cba-2794e7394044"
"564","3368ed66-ce74-462b-9ec7-0b22be9d27a2"
"565","a3fb3698-2742-404a-a166-ded7774dd081"
"566","7c8ebdfa-84e1-45c4-bc05-302c1dbafbd5"
"567","bb59bf5d-98c2-4f38-89be-061869201945"
"568","9eec55e4-8633-4768-b280-a6f94c73a9cd"
"569","36a2bbf6-4761-422c-a01d-021665e796ad"
"570","cee3081d-6eca-44ca-afa1-f8cb61062fb8"
"571","5b7b8352-99ea-43fb-8721-2f5a4a0c8cf8"
"572","a1b21783-d4cf-4b4b-8724-7fbaae3be212"
"573","a223b72a-724e-428a-ae3e-fc3a028975e3"
"574","a3dba596-117d-447f-be7a-277da78642a7"
"575","b49ab2a9-3cc5-4018-b170-3f1dc74002be"
"576","16fd4d12-5ef3-437b-aaa0-b40012fcbedb"
"577","bf100cfe-f179-40e8-8f80-ee140572d8d2"
"578","03e20962-fa8e-4638-9928-20528c08f61e"
"579","d8dfe10e-69b4-4599-9458-1147f398dc97"
"580","4171de8c-6ce1-4e53-a07d-4bc838de26de"
"581","ba8bf34b-5b9c-4151-992d-8a8bc7501192"
"582","0df19f54-cc76-40d0-bce9-feacc74dbd3f"
"583","9adbe577-2a61-46ba-a384-4913900fc4bb"
"584","aa11c1a5-51e5-439f-a10f-8e0c9c454738"
"585","08617ed0-577b-4607-8563-9dd25228df1f"
"586","481b8e7a-a4e8-4711-bfb5-4031ae0ed7f7"
"587","a064cdfa-02fc-4fef-acc3-57d15ccbdaf4"
"588","725cc3ab-d7ef-4186-a158-b92092ce2ffd"
"589","495ecbd6-d0c6-4c4a-81b5-96481df9b94f"
"590","7ef1ec42-27b1-427e-9a94-1ee1f3bbbd8e"
"591","50caba71-2f03-41aa-9fac-ce6c7065dcfd"
"592","15ea2557-eb06-497f-ae89-fce5544c8b8d"
"593","3505ce5a-a3a8-4ab8-a406-45c392951b40"
"594","302f191d-5028-4eff-80ed-74e8f022670c"
"595","2141913e-3234-47bb-8b0b-4046cc588e67"
"596","56c5cb6e-f62b-4c9f-ba87-c5bc7b09eef9"
"597","4518cabe-c63e-4b23-8971-b51112276767"
"598","11c6abb8-d242-45da-947e-f1f5576d213f"
"599","7b82bb61-cc7e-4dad-8eb7-7d6379ea3a1a"
"600","de9251ec-fe13-4a85-9e0b-1e18ab3c7123"
"601","33fdc61b-edc2-402e-ac5d-e1d010af1400"
"602","65e1139b-8bf6-4098-b6f7-eee142d395fd"
"603","1e94888b-a58f-47b5-aa4c-7c44b31a1fb0"
"604","6db3cb01-258c-43fe-873c-056526396924"
"605","e7ea522f-6540-4a79-8b54-b3a31c23e96c"
"606","104b834c-11d8-46ea-beae-9511c7058103"
"607","89d0eb57-7968-44db-9ff3-0a097f679ee3"
"608","9ca05641-baa1-4690-b02c-3f37aff6f592"
"609","7049185f-29e0-42e3-81d5-de8da530a56b"
"610","487a46e3-b5ad-4e43-8575-506abc044a0f"
"611","9e400572-faf7-4b8d-a17a-f77b8734e979"
"612","b65e95d2-2693-4878-9330-be37734d0d3d"
"613","f8d290a9-1c3e-4114-973f-7aa35eccc63e"
"614","9b60f320-7adf-4bdf-9bd8-ebed742b68d4"
"615","d0c0dc02-7e97-48a2-bae6-010db68f1cab"
"616","42384402-1018-4b19-9672-ff401bb74767"
"617","5973c54b-62ec-4c95-9a08-c127d91cd0cc"
"618","45b82d18-46eb-45e2-863b-1079c0dade7b"
"619","5869baa5-3deb-4036-ae21-150cd627e554"
"620","30105a14-e5e7-4c25-a07b-7ada97e64d4f"
"621","043e2145-ba24-4139-8d3e-c1c8cad02cee"
"622","14d0a71d-693f-4b3f-b091-08793152430d"
"623","75db9fc0-d70d-403f-bdd4-cef9f0be2f7a"
"624","c447a94c-98ef-48f6-82f3-b42968e2f7eb"
"625","9abf9a21-7173-47ce-a2e6-432f53fabdba"
"626","4b8eac6a-855d-49ee-a3ad-f703d9c249b1"
"627","6c9c1847-7007-4b1f-a728-b393a91764a2"
"628","42da0d9c-1813-42a3-bef1-9e6b219a3819"
"629","e3df2f18-179d-4e42-a25a-e4b9bf1bf874"
"630","7fe07d3d-4de6-4590-8f46-f405f7e63dfa"
"631","ab7399aa-ae27-4bba-be6c-900671aa0b88"
"632","6fb9d2b6-bf17-4d7d-97de-488750f90edc"
"633","f2afe4d9-804f-456b-bc54-e7e080d9f83a"
"634","932a3154-3ba4-49c4-b814-bb855b5593f9"
"635","0107f215-3429-4257-851f-6a443e6ec9e4"
"636","6fb59e88-ec4d-4cf2-9a87-8cc4d30575ff"
"637","171cd9ea-7c15-4457-9f05-09efeb329a85"
"638","2b4d2477-f4f4-40a6-8352-79220822a31d"
"639","c0afea28-ec6b-47c5-a193-6d84793ec9fd"
"640","d179af86-ee6f-4fcb-ace8-c7cd9b2e2a2d"
"641","bebd0f93-4a45-4a49-a8e3-d8d2fb8f7988"
"642","e00c41e1-e170-42ee-aa6f-272734339ddf"
"643","aedc4b17-7afc-4f51-8881-d9e72eaf756e"
"644","39c8d688-6310-44e0-a340-a23cd5c1b689"
"645","d8d736b4-fec5-47a0-a3f3-915ab00c7bb5"
"646","024fe15c-2d28-44b7-ba6a-49d58558f852"
"647","13969ab0-47de-4f9c-adcd-26cb87729b56"
"648","584a87aa-1b07-4296-a72f-89247ee74639"
"649","20d74bcd-04f1-4daa-854b-24efa19a115c"
"650","a62218f2-2696-449c-9623-f73076b0bc1f"
"651","28f76144-89a5-458f-a6ad-b502f8699174"
"652","04eab926-9923-470f-96a6-c61bc93fbac1"
"653","d077fb2b-8da6-4c3a-a302-f956be0e3bc0"
"654","1bf29b54-7adb-4f92-b9ef-19f8d72bc90e"
"655","678d3a51-398e-46e9-809c-5ddb7bd68ac1"
"656","08b9a392-4dda-46a0-951e-65bdf6802a7b"
"657","30b85a32-5bdf-47cc-b080-06e8e2888f27"
"658","e16457cd-36df-45a7-9ae3-19b477423613"
"659","d04f6ff1-0208-4a5f-b640-7a90c7465bf9"
"660","295d8964-bbb4-48eb-964d-b137cb3fd59c"
"661","8dc10627-250e-4439-a5c5-bd180d051870"
"662","36b7411c-f8d0-4530-a77b-984ad111af58"
"663","32c139bc-060c-4307-a07e-52d14f46b57a"
"664","259bb49e-8892-4a51-acb4-63f15442f10a"
"665","17e48d5f-f195-4b89-9b3e-841ae5f6ec3d"
"666","6f4becc8-faf0-4b8c-b00b-cdfc9b6ccdc6"
"667","5091fe72-32d7-45b5-8fa5-5cb638e1691b"
"668","b7f7862a-e1e7-47a5-a16e-580421b66e83"
"669","85f71c67-0cee-436b-8a91-1f59f23b8a67"
"670","3b3ec535-2637-45ce-872c-cb475ec8672e"
"671","e2fd0a94-1617-43ee-bb9f-b46a014b1bf1"
"672","ac5339d4-ad94-4f58-81ab-6d852ca6cabb"
"673","6067d998-d77f-4e8c-83fe-bb99a251b434"
"674","6cf48ea2-e303-4baa-82e0-059bff43bed3"
"675","88cd6881-06a2-429c-bda7-f922907a2011"
"676","fee9ac26-6902-4913-8482-3637a5687a57"
"677","42dba5f0-f2ec-467d-bcae-ae049361d2a0"
"678","2085db3d-3d7d-4074-8677-9f522f03a19f"
"679","1077465e-6721-4fe9-870e-4efbf188abed"
"680","acb8cf9b-b6ac-40f4-ba8c-8e4f6095be05"
"681","41474487-8f0f-4d09-9194-706c788ebc2f"
"682","f3a3602f-9428-4b8d-b3c6-9b58532ce26a"
"683","f92821d3-96ea-4f23-b965-2254bd614f6e"
"684","535c5002-dffe-470d-9600-e6e7606d4df2"
"685","1548418e-38ab-42ae-8764-15ea45e55b67"
"686","0840b55a-cf1c-416d-a194-a198d5f3910e"
"687","cb8211b4-a6a1-4422-8aba-9d02ce5b3371"
"688","5f3fd5a9-bd67-4e27-90af-5dfb98d7607a"
"689","bf83de6d-03e1-4e2c-ad34-636b4e9ab04f"
"690","0894e63a-af44-4d2c-a246-03b590d58d8e"
"691","0f6d74fc-0f6b-4329-8b82-8ee3c51ab02c"
"692","79f62bc5-9db9-4343-b9f3-65bad8185f19"
"693","b07aa34c-dc68-4243-b823-107540d31bae"
"694","14094dd2-5fd9-4533-a34c-cbb6a58b2187"
"695","491e632c-5db6-43e3-b634-ce7cfffeb704"
"696","0a489d8d-0c06-414b-9c93-96612929ac90"
"697","94156132-4e67-4350-a46e-a27511c0b7c7"
"698","00ca3142-3115-4354-b012-a6fbdd7e023a"
"699","a14fa977-af85-4439-acc8-aefdadf4619d"
"700","40f781cb-25c5-4d8f-854f-0dc51443ffb6"
"701","c491cd48-604d-4ca8-a92b-d5241384b485"
"702","4e8353ef-1cf2-4e4a-b66f-d3106b6d6c44"
"703","b0d53292-e199-410a-b93f-a313bcc2108c"
"704","d764ca31-2f9f-4011-82ae-f94eab8b5a62"
"705","80db1d53-fe8b-40c1-8c08-966c5d23a537"
"706","763b9dd3-0583-4f1b-a2f1-382b8872a897"
"707","5568f160-b2de-4d61-91ef-f2aec5c11dfe"
"708","24fd87a8-0524-46be-953e-bb7b5f91b922"
"709","275e2ced-9f59-48d8-a517-d0014f7b3872"
"710","517a9bad-0380-4264-94f1-dab416b255a2"
"711","e4fad3c0-15b9-4a18-924a-b880bd2dcbcc"
"712","d6570f7a-293a-4fcf-8e0c-cfc4053e9100"
"713","c39934b3-44c2-4ffb-84fb-a5b5f4e4e931"
"714","6367269b-94a2-4d52-a394-c5fd47be47a5"
"715","0191da1e-6ac5-4d79-9d64-a7c9301091ff"
"716","e07c515a-cd5e-4aea-9057-04d02fa61661"
"717","b3a9e785-2a90-4a1e-9546-6359b0e78c05"
"718","1cab7de7-a5a7-48eb-b3d4-1932d76e5997"
"719","c252fe71-ce4a-46cf-aba3-9d1b2c83e236"
"720","6570c009-88f7-4e15-9eeb-fa167df934af"
"721","292bc4f5-2652-4904-ae16-6f201f96deac"
"722","3659e2e4-1b5f-43c9-b377-1d11c0f1f53e"
"723","7a514e0f-887a-4ddc-ab3a-068b4298045d"
"724","41d23ed8-b2cb-4df0-9e12-481116b996b6"
"725","67ac9026-2eab-445d-a9de-e1ea6e0d447e"
"726","8cd93424-83a0-4a08-b50d-d2da38268829"
"727","2fcf4dc0-c0bc-442b-b70a-fc9c970a56db"
"728","bf8805f4-07a3-4380-b5e9-bfed8e7d8ad2"
"729","8d5502b4-1ebc-4b85-9d05-ee3272b31f57"
"730","6ddbc043-b78c-424b-94f9-459705750dc1"
"731","9bcedb6e-b74e-4abf-938c-8cd1ae894986"
"732","7af2dc6b-c373-490b-bb89-2433670049b4"
"733","6dcaa80e-880e-44e7-b74b-e300750eb8ec"
"734","fcd0d5cb-2c3c-4bc3-a552-96199f78e1e9"
"735","8d45ec81-9008-4c56-a293-d2eeff437e0e"
"736","5a89810a-61ce-4573-a72a-f4df7318e37a"
"737","140c0bfc-b24e-4a70-a952-2c24c0084630"
"738","e6612df7-d36c-4791-a82c-503dfd413158"
"739","536b3042-fa9e-4e32-8f65-29adc91a78e7"
"740","c734defc-e270-42b8-8b24-1893cf145985"
"741","2af47bc6-6e72-4a14-98bd-d2068971df8e"
"742","14e59637-06cc-4d66-b28a-d8839a8859f5"
"743","7b0761ae-4a8d-41b9-ba41-6c46200b8d4a"
"744","1ef22803-2d9e-415f-9998-b936b1522d38"
"745","79b4cf8a-4b06-4e2a-80d2-ad9d0a8fc6f7"
"746","b9d6f535-1a41-4c2f-baad-3ffa955766aa"
"747","39c1f8b5-2eab-4bc7-8841-78a7069cb108"
"748","cbe1cedf-4913-4299-8d2f-517215ee70b4"
"749","c04745e0-5df8-4144-b836-ac8bf32b674d"
"750","4c942f7c-ee02-4fb4-a8cc-a7cd296fa6c3"
"751","458fb8ad-0773-4b42-99fe-82ac9d009a2d"
"752","c9289f78-5e49-43d0-ab9c-653e23408e67"
"753","59bc62d3-2d27-411a-b37b-f87c1bd96c4f"
"754","e7d3ed8f-c2d5-45b3-b592-6fb0e5ec542e"
"755","1520265c-133b-477b-9a2a-59852fce0dd0"
"756","95f79d8e-534e-4a10-969a-c55d0b587605"
"757","430901d6-1064-4086-b542-38b2c229d08e"
"758","95453e72-6d07-431c-b265-1b0a98cc34b7"
"759","7cdd15d8-800b-4a73-a046-a0fc245c938c"
"760","914945a2-6e08-4667-917a-c4c7d2dbc029"
"761","8f1c2ec7-99cc-4a43-b315-fb51c64c0abe"
"762","3cf029d0-f4cd-4074-aab2-666fe6abd02d"
"763","e3434574-4067-4d79-8a71-baa9fdaf77ba"
"764","8a925216-840e-42cf-a882-71eb185ccffe"
"765","d4c39934-a889-41b8-bf70-37ba66fcbd46"
"766","dd89c017-5d37-4e55-b986-a15d15a675c2"
"767","7a57287a-9e93-4d84-9078-8e64cf74af6d"
"768","9305771c-3e93-4b3a-b907-4ca165653941"
"769","7ad44dd8-7878-4e6c-bcdb-6ddbea19a4d5"
"770","43974e1d-8409-4684-a2e8-e172567bfa07"
"771","78cd16ef-3cd4-47b7-af36-cd148881ca52"
"772","0d796936-1ba3-4891-bfbf-6257255a698e"
"773","b06e568a-8ce0-4b86-89d8-d65ebc1a6129"
"774","3b3696ce-637a-4346-9c46-7fd5dff15261"
"775","4c3bb0af-fa0b-4d29-8c64-58de1e79a123"
"776","a8f92bab-1c5b-4a58-a339-8783ab0a0fca"
"777","a9d7ec4b-ba53-48bb-b82f-ed6e6d47cc6a"
"778","bc31fbb4-4cf0-4888-90da-2dbbbbf1ec9b"
"779","371fb23a-a364-46a5-8645-ae66399e531f"
"780","9110d5ac-4287-427b-b65f-0e38d4737f79"
"781","88de20d6-9a70-455d-a654-2fdd63474452"
"782","3d854235-cad1-424c-b34b-7ffb0431af5b"
"783","ee970962-33ec-4828-809d-4f0bddfa3cc8"
"784","011ac48f-6a36-4289-a8c6-621f78f099c8"
"785","5493e130-9610-486f-98f4-28294767af10"
"786","e7101057-b022-4538-a96c-d7419b38c9d1"
"787","73560b43-c238-4b93-8dc5-cbd447e9341a"
"788","f79f0085-d666-4bbd-be42-55dae2bfc7b5"
"789","e772b2e3-ea07-4e0a-9259-bb571ee5e04b"
"790","24a2c6ed-eafe-437a-ad10-21727a2dc1a9"
"791","79206531-d4da-465b-aa2a-650bfa494900"
"792","42f0bb58-dece-4495-9667-8fea147f9ab3"
"793","dc6dba99-4f29-475e-91dc-afc6a6a553b8"
"794","4ae26572-355c-48a6-a4d1-b6f8b4c5c4d0"
"795","7953c77c-2afc-4010-9260-6eb20519ed2f"
"796","023ecdbe-2938-4738-9d9d-b08478db6138"
"797","1033f0a4-bcac-42c8-b122-7da3f73cfdca"
"798","97889ae1-f8a7-40d9-a38a-c37e817bd1e7"
"799","4961038e-2186-46e9-8472-e0b2c2fe8802"
"800","4924ed63-57bd-418a-ae46-bb69516b55b6"
"801","67b0f034-8ce0-413d-b227-9ec98d454da2"
"802","f94ba8b7-1f70-4698-a61a-e1dd7d35a886"
"803","b217c131-5f67-463d-b6cd-4ca3842c1b98"
"804","d64fefe2-3968-4fed-8208-19273ae5cdcd"
"805","101ae035-1a8e-484a-be6b-4d63a33a3376"
"806","54bb005e-dc05-49a0-8b9d-810af2fda326"
"807","ce73c3c1-4b75-489f-8fd1-6eb9673335f5"
"808","ee25d280-2017-458d-877b-4a3c98cb11bb"
"809","0bd9d0c6-f740-44c2-b79a-49adb8783e1a"
"810","b45a6e04-7f05-40e1-8c46-7b84b57cd09c"
"811","69282e81-e60c-41d4-964b-9d1238366930"
"812","597ca4d2-d53a-4960-b80e-23a0e3fa92b7"
"813","70d82a9a-d4ff-47c0-b25b-74214f492eeb"
"814","cb34208c-2906-45df-8bf8-9a8e012ceac1"
"815","4e21bb88-90c2-4ab3-b289-e26adfde1a86"
"816","2fc1c74d-e064-4104-9524-29aab6ec510c"
"817","f0c79e05-b690-4f7d-a3e1-12a4b59debe2"
"818","91d4a28d-96f5-47d5-9cb9-e7123e16f94f"
"819","21a80c40-1c4c-4217-81de-f1e7037a7ae1"
"820","04917f4f-cc1f-438a-a67a-695ba72baa4f"
"821","475c755c-c4ac-4a02-af18-aebfa671bd80"
"822","b66fd672-29ee-47cd-abeb-1288a3182e15"
"823","2eb74103-e551-48fe-b3ba-db5d9b94bd10"
"824","23445cef-99dd-4ef1-962d-4933436a26e3"
"825","2d6d71eb-99f7-4d4a-adf6-28bad16cce7f"
"826","20ff1c76-ad60-4ee8-8d56-e6fb12fb63b0"
"827","37debc9b-f889-4f8c-baf9-854d48fb93c2"
"828","9e389b6a-43fb-405c-a2be-c39e745c3730"
"829","9ebffe67-32ef-49e3-827b-618a6b57330f"
"830","0ef5641b-0a46-4241-8e72-29da5da4acd7"
"831","b64fe4e6-dd34-4b21-aad2-76b8e856d3db"
"832","21496ebd-857b-4637-a503-d13487f49cd2"
"833","988fb4c0-fbc0-4f24-8b8b-52e751ba64b1"
"834","e07c7a4d-aa27-4414-b014-e12df468b554"
"835","cc5a86b2-975c-44dd-a199-e631b62d0934"
"836","0556e5d8-c2e8-41d6-8864-ae5218e85731"
"837","e5fb00a1-fb0e-4939-9d7c-208916ea83fa"
"838","f2239a78-7772-471e-8357-48da4cdcfcbe"
"839","4c7799b4-7299-4573-a497-d94f86f9ffce"
"840","c6d79e14-3622-4d7a-9743-473af91c5b75"
"841","04b42f92-32ee-4cb9-afc4-8445a71450ae"
"842","83c4c714-2b02-4ab1-82c9-b7fb611699fb"
"843","0ee9f173-2f8a-4a2a-a349-152c01fc60ba"
"844","3e7f7171-bbac-460a-9736-5d603012f7dc"
"845","413a29bd-5412-44df-95b2-ed8dd25ce4b1"
"846","27b184cc-f5d4-4367-9d8b-b4da3dd21276"
"847","cf471cba-c037-4775-af1e-c0fae98ecce7"
"848","a5ec456c-1eca-4fb3-a14b-da1fe2c83f73"
"849","fdccb358-65fc-4300-acd1-0324981e0d98"
"850","0c2e33fd-2def-41c1-8382-6563cb1132e2"
"851","cdc42428-e5aa-4c8f-8967-69325ea57212"
"852","01a5c460-bf81-4d52-843f-a8b397506881"
"853","54588a94-fe46-4ec6-a515-5fb049e33ed5"
"854","299a0eea-a2e8-4eb3-8a18-4aba44f6fec9"
"855","5847d017-40c0-49ae-b357-07771aaf6baf"
"856","92e15790-c76e-4c9d-984b-b7fd083fc6de"
"857","96139d5a-d94e-46cf-84f0-d91b99174a53"
"858","6b567eea-7bb4-4e1b-8832-09ff7c0a07d1"
"859","101f0ae4-f0e2-45a1-a0e9-4e26b450c143"
"860","a706c8fa-23b2-49a2-9334-1e6a26699015"
"861","a815ff0b-f34a-4a41-bbe2-afd4b816e44c"
"862","35e84f07-f116-4e51-9acd-baa1ac61e3bc"
"863","63c99386-8d1e-4767-ab3e-ebb90f19b1e3"
"864","a42e36d3-4e67-42fe-ab7e-e335280523bb"
"865","808ee779-e741-45ae-9931-1d6e676c8ed7"
"866","4d58a325-271a-4876-be37-e16fcf66c9e0"
"867","7874cce7-6925-401e-a349-6bb777454d62"
"868","ab362d47-e9e1-4e9d-a6c6-d6c93416dabe"
"869","e99a0ecd-4960-4c73-adb0-7ad8e8dbf3f2"
"870","1a78caec-8c48-4e09-8b8b-6858999a4709"
"871","3f0aee59-3472-44b2-a1bd-71597dc2ddf0"
"872","4c4cce7d-8e06-4432-a32a-257ca4e836c8"
"873","b565caba-0a9b-4031-950f-098dd12d27df"
"874","5551ae21-d2da-4161-993c-04855e4bdf79"
"875","6236416e-7752-4900-b6cc-605db45e607c"
"876","92ca3721-7778-4090-b1c7-44ced2ca80f8"
"877","2c02d9e6-ffff-4a10-b620-94070f588929"
"878","f06797d7-e526-465f-84fd-b0b07d1f76f5"
"879","da674456-594a-418f-b524-2fe03d633694"
"880","52efe7aa-d969-4f33-83cf-14f536874f49"
"881","a41a899a-1285-49b4-8311-b563db558273"
"882","8d4ce874-9d4b-47e1-b292-2e43f32bb1a7"
"883","9a129b35-a41e-4c36-ab48-7a7ef21b8dc5"
"884","17702c40-0e4e-400c-b54b-2795e023fd5d"
"885","260272a9-837e-4e1b-9566-ced80e5393f4"
"886","bc2cc092-9764-484d-a07f-a7113497368c"
"887","114ea627-73f9-4d22-a749-61c34bb532e5"
"888","ce6c5e07-d869-4a96-8e75-24ca8b37f795"
"889","1517decf-044b-4247-b20a-de16274e5604"
"890","3fe54122-519e-45a8-9de1-9e7e7d79b9eb"
"891","d21df262-0c01-4312-9bd0-f09654be8c80"
"892","acfdac4d-81ca-4c7d-acf8-ef3a580461d5"
"893","d7f7b3a2-727c-4fcd-a9b6-35a8f72b6023"
"894","bd06b037-edae-4f3e-b780-a07840fc70e3"
"895","5c90a378-72c7-43be-a9ef-abf65d297544"
"896","85c91676-c330-4990-971e-a08e2173a984"
"897","b403eca4-286d-4024-bd85-47dff1752c0f"
"898","9c1aa46a-5c87-4af2-88e2-b4a38e21295d"
"899","83ea6d33-5352-4715-9143-3cffa8aaf57a"
"900","cb6b1f42-4ff1-46f9-9156-9ddf943b570b"
"901","07ce1954-d9c7-44e6-9437-f47fb7afc8e4"
"902","ac235166-6d17-459d-a621-fd3dbac71a5e"
"903","74985799-c92e-425b-9d3a-054ec0736775"
"904","2a21f444-98ca-4a75-9570-64e0eff48234"
"905","f66c1c70-3503-4b2a-8e44-2ac803048ba2"
"906","f12eec1d-6030-4a84-8e2a-c81c7d38bc37"
"907","719b971e-fe45-47b6-b0c7-2900f0e00ed7"
"908","ccd447a1-c3ac-412d-b67d-d487ad81f8cb"
"909","125a8a3b-0091-4755-98f9-5245113a30c3"
"910","c5f002d2-ec61-4747-89ee-f7f0745696cd"
"911","f4bbdb08-ef15-46f4-b212-0eee60f81de0"
"912","347a3db2-ddfc-42af-a3ee-6451a10ce624"
"913","b72d77d4-5fb7-4bf5-9d03-5890d0f3ca9b"
"914","c7783691-be02-48cf-ace9-376ba8263c3d"
"915","8f28c6cf-1419-4d99-a023-9cd16d044038"
"916","32131424-d27c-4b73-ad2e-e6d14e01ddf2"
"917","d9d09e75-a700-4b03-8a66-91696d917fac"
"918","edc3250e-60d8-49aa-8f97-4e78b2ba083c"
"919","a3aeff85-de9a-49cd-ab2a-f498cbb85c06"
"920","cea1125f-830d-454b-b8ff-6f3ccc8e02f7"
"921","31633e00-7f5c-42cd-95f1-6455684f58f8"
"922","ba3a6b25-3905-4146-b707-e7c008a2418b"
"923","2793698a-03e8-4a55-af9b-dfbd3d874c61"
"924","87613741-5502-4797-8bb2-bc85cd35ee8a"
"925","620aa9f8-9214-415d-b5a8-3517272b51d6"
"926","d35b2da9-f61f-4e73-a396-71ad9178d7b2"
"927","16ff3e33-c0db-43a8-942c-8d3308062a11"
"928","54a4cc66-7b8f-4f99-9a83-fd06ad51388d"
"929","14aaab31-dc5d-4715-99d9-a9308d569283"
"930","ee104905-d547-4826-8dec-37feee36d0d5"
"931","da2795b9-1845-4136-af70-6ea8da203fa1"
"932","dc3a0094-4936-44f1-acbb-c4b1b3a764ed"
"933","ecc882c8-95a1-4c98-b705-5922acdc57c8"
"934","a05f304c-8f6b-4844-abe0-b8e04103e97d"
"935","150c173b-3195-42b0-a1d0-7dc6b7745636"
"936","48f4b4aa-3f18-4f3d-a9ed-3064490f1c12"
"937","6833a15b-40e1-40fc-b75b-086fb35b29c0"
"938","c9c26ef4-4953-47ec-8c37-00b8a90e5fc4"
"939","4e233b4b-da94-42fa-80d9-8909d2262876"
"940","379d8d96-f3b6-4f01-b63b-73836b6e7690"
"941","fbcdcc23-b7a5-4b1b-a86c-2ab2da8eea1f"
"942","c4c782cd-4218-451b-a1ae-450c99157898"
"943","fa2c6c52-f5cc-473e-9489-3b4802e26153"
"944","458ade66-c062-4947-8d15-bee96a32799f"
"945","93609344-b3d4-4b75-bfa5-f621c4253912"
"946","74e238bc-9146-4bda-a6b0-901de4637a42"
"947","07c0cd2b-dac1-48e0-8662-12f91da47638"
"948","6c531ec9-a075-43db-b58f-543db3d889ec"
"949","a2165d5b-d056-4ac4-838d-69167188bfc8"
"950","494e5e62-20a6-4111-9751-513e997e9f6e"
"951","e441eba2-ba0f-4aed-9092-6417290b3252"
"952","5aaff2d0-3222-4210-ad04-5139e73a6b65"
"953","a1226c01-e2a8-4b1f-a9d7-f6c4a8f6b486"
"954","a257af4e-345f-4931-8e64-b6f50d46f8c2"
"955","7d408843-0409-4f2f-bcd9-7e41819da0d1"
"956","4a879a72-c834-48df-93b0-4b0f17d97bba"
"957","7674501f-273a-4a30-8c80-ea3de3f495ed"
"958","edda4f24-79c3-49d4-a5bf-0b75ac65880b"
"959","d193e00e-c32c-4984-9b6a-cb3ec46e4213"
"960","f34b4e01-b650-4b39-9604-ddc0aa63bc16"
"961","adc5a34e-9d7f-4b6f-a384-900459aa8ab3"
"962","2e5d44c1-7e76-438b-bf73-550c2fa16d22"
"963","4bfab90f-34d7-4f23-b105-a1722703fb50"
"964","d936e275-6736-44f1-8071-fec5c46d08b8"
"965","eee60484-a99e-4439-ac77-3500925ba26e"
"966","6e21cbc3-2045-4ff1-934b-43f16fa5d9ee"
"967","1f687ddb-6dd0-40d2-97a9-c835c1a19b67"
"968","82f27519-da59-4a96-a0ca-91095eb7e35a"
"969","61a82ab2-a5a5-4990-a7a9-121ed310422e"
"970","1db6f28d-9565-4cdd-b37d-b1da10b12b5f"
"971","07c2badd-0a15-4d13-b557-50ffc670186b"
"972","0ca1675a-2419-48ff-9966-007dfbd2707d"
"973","5ad06ecc-0343-4bc1-9266-c9613acdc0df"
"974","8a7f6291-7035-44a8-9aa7-4083d5a2759a"
"975","129962ab-3feb-4ef1-9d56-3259a2b35c22"
"976","475688ca-c0ff-4fe1-adf8-86dbe92be7db"
"977","ab5a31d4-7e54-4547-a320-cd34c2512223"
"978","d713921b-6792-4a50-996b-d5cce0bbd858"
"979","19a83b55-b88e-4fd9-b7c8-de8aad9884c8"
"980","86518986-3673-4979-be1a-d0b8d8dcf056"
"981","92966b9c-4821-45f7-b947-27d1f63b05ac"
"982","8dcef78d-3d19-44ad-ae2d-9febcaf75b53"
"983","68260c30-0c0a-4559-93b6-ff3302545e10"
"984","cc58896b-5d0c-49f4-9cf7-a412c8e13d38"
"985","c1df8668-d757-4c70-8485-9c67ab4e2d27"
"986","774493fc-211e-462a-a6c4-6b4c317b94f6"
"987","26f0cb26-6e72-49b8-a541-caab951f5bdd"
"988","1d59d81d-15da-4caf-b6ce-3b1fdc39e9b2"
"989","e62463dc-ad13-4de5-a5c3-90d09e4dd9ec"
"990","dc079f6b-73ca-4812-ad9d-feed0a4e9ce3"
"991","fc3fa7f1-12db-4ce1-9a6a-e70c503e01c9"
"992","273e2c32-034a-49ab-80f2-4fc0969a8b57"
"993","f9907e29-9167-438a-b037-eb937fb43491"
"994","7b708f93-3f92-4134-a60e-2bc519f74991"
"995","b1325564-a26c-42b7-a995-132a70a7a371"
"996","baff0090-c65c-4db6-acf7-12d09ebaec3a"
"997","03941584-1d7c-4d53-80c0-932c3c493b3e"
"998","ab3aca59-5fcd-4c26-862f-f36cf25f6e97"
"999","3287d943-398c-4bc2-b856-fb8a343fd5cf"
"1000","cf3c1f51-a8a1-4304-9916-9433a516d2db"
"1001","3b491d72-f73d-47ee-883b-7d71cd626a3e"
